origin,zone_30,zone_32,zone_35,zone_37,zone_39,zone_46,zone_48,zone_50,zone_54,zone_61,zone_95,zone_98,zone_6,zone_16,zone_19,zone_84,zone_89,zone_101,zone_18,zone_41,zone_44,zone_49,zone_62,zone_77,zone_107,zone_8,zone_26,zone_99,zone_0,zone_3,zone_20,zone_29,zone_55,zone_68,zone_75,zone_94,zone_110,zone_7,zone_12,zone_33,zone_57,zone_74,zone_47,zone_51,zone_103,zone_9,zone_27,zone_36,zone_40,zone_91,zone_108,zone_28,zone_52,zone_60,zone_67,zone_69,zone_82,zone_105,zone_31,zone_65,zone_87,zone_93,zone_102,zone_104,zone_70,zone_88,zone_24,zone_85,zone_86,zone_96,zone_10,zone_17,zone_63,zone_81,zone_22,zone_23,zone_43,zone_92,zone_38,zone_1,zone_4,zone_76,zone_78,zone_79,zone_2,zone_90,zone_21,zone_58,zone_97,zone_56,zone_34,zone_80,zone_83,zone_100,zone_64,zone_5,zone_45,zone_71,zone_11,zone_13,zone_73,zone_15,zone_59,zone_109,zone_53,zone_14,zone_72,zone_66,zone_106,zone_25
zone_74,1603.0,1565.0,1497.0,1612.0,1671.0,1501.0,1450.0,1656.0,1286.0,606.0,1344.0,1401.0,,,,,,,,,,,,,,,,,,,,,,,,,,,,,,,,,,,,,,,,,,,,,,,,,,,,,,,,,,,,,,,,,,,,,,,,,,,,,,,,,,,,,,,,,,,,,,,,,,
zone_62,,,,,,1006.0,,,,499.0,,,1132.0,662.0,1074.0,1474.0,1646.0,1971.0,,,,,,,,,,,,,,,,,,,,,,,,,,,,,,,,,,,,,,,,,,,,,,,,,,,,,,,,,,,,,,,,,,,,,,,,,,,,,,,,,,,,,,,,,,,,
zone_63,,,,,,,,,,,,,,,,,,,642.0,1360.0,1290.0,1193.0,237.0,653.0,1701.0,,,,,,,,,,,,,,,,,,,,,,,,,,,,,,,,,,,,,,,,,,,,,,,,,,,,,,,,,,,,,,,,,,,,,,,,,,,,,,,,,,,,,
zone_60,,,,,,,,,547.0,,,,,,,,,1874.0,,,,,,,,808.0,1421.0,1850.0,,,,,,,,,,,,,,,,,,,,,,,,,,,,,,,,,,,,,,,,,,,,,,,,,,,,,,,,,,,,,,,,,,,,,,,,,,,,,,,,,,
zone_40,,,,,,,,,,,,,,,,,,,,,,,,,551.0,,,,891.0,1034.0,1304.0,627.0,1309.0,1393.0,1751.0,1213.0,614.0,,,,,,,,,,,,,,,,,,,,,,,,,,,,,,,,,,,,,,,,,,,,,,,,,,,,,,,,,,,,,,,,,,,,,,,,,
zone_103,438.0,,,,,,,,,,,,,,,,,,,,,,,,,,,,,,,578.0,,1874.0,,1296.0,,1183.0,1390.0,341.0,1598.0,2052.0,,,,,,,,,,,,,,,,,,,,,,,,,,,,,,,,,,,,,,,,,,,,,,,,,,,,,,,,,,,,,,,,,,,,
zone_50,,,,,,,,,942.0,,,,,,,2005.0,,,,,,,,,,,,,,,,,,,,,1100.0,693.0,,,,,319.0,422.0,972.0,,,,,,,,,,,,,,,,,,,,,,,,,,,,,,,,,,,,,,,,,,,,,,,,,,,,,,,,,,,,,,,,,
zone_68,,,,,,,844.0,,,,,,,,,1296.0,1468.0,,,,,,,,1373.0,,,1615.0,,,,,273.0,,,,,,,,,,,,1524.0,1128.0,1708.0,1421.0,1314.0,1479.0,1347.0,,,,,,,,,,,,,,,,,,,,,,,,,,,,,,,,,,,,,,,,,,,,,,,,,,,,,,,,,,,
zone_65,,,,,,,,,,,,,,,,,,,,,,,,,,,1212.0,,,,464.0,,,,,,,,,,,,1375.0,1170.0,,,,,,,,1221.0,1357.0,609.0,636.0,386.0,1051.0,1756.0,,,,,,,,,,,,,,,,,,,,,,,,,,,,,,,,,,,,,,,,,,,,,,,,,,,,
zone_55,,,,,,,,,,,,,1218.0,,,,,,,,,,,,,,,,,,,1779.0,,,,,,,,1627.0,,,,,,1095.0,,,,,,,,,,,,1845.0,1714.0,867.0,1418.0,1449.0,1899.0,1739.0,,,,,,,,,,,,,,,,,,,,,,,,,,,,,,,,,,,,,,,,,,,,,,
zone_57,,,,,,,,,,,1611.0,,,,,,,,,,,,,,,,,,,,,,,,,,,,,,,,,,,,,,,,,1307.0,,,,,1456.0,,,,,,,,1221.0,1641.0,,,,,,,,,,,,,,,,,,,,,,,,,,,,,,,,,,,,,,,,,,,,
zone_110,,,,,,,,,,,,,,,,1617.0,,,,,,1283.0,,,,,,,,,,,,,,,,,,414.0,,,1373.0,,,,,,,1438.0,,,,,,,,,,,,,,,,,1103.0,1817.0,1606.0,967.0,,,,,,,,,,,,,,,,,,,,,,,,,,,,,,,,,,,,,,,,
zone_33,226.0,,,,,,,,,,,,,,,,,694.0,,,,,,1754.0,,,,,,,,,,,,,,,,,,,,,,,,,450.0,,,,,,,,,,,,,,,,,,,,,,,,,,,,,,,,,,,,,,,,,,,,,,,,,,,,,,,,,,,,,
zone_39,,,,,,,990.0,,,,,,,,,,,,,,,,,,,,,,,,,,,,,,,,,,,,,803.0,,,,,,,,,,,,,,,507.0,,,,,,,,,,,,1382.0,1360.0,1614.0,1913.0,,,,,,,,,,,,,,,,,,,,,,,,,,,,,,,,,,,,
zone_52,,,,476.0,,,,,,1497.0,,,590.0,1443.0,1388.0,,,,,201.0,,,,,,,,,,,,1030.0,,1372.0,,,,,,791.0,,,,,,,,,,,,,,,,,,,,,1744.0,,,,,1532.0,,,,,1105.0,,,,,,,,,,,,,,,,,,,,,,,,,,,,,,,,,,,,,,,
zone_41,823.0,,,,,,,,,,,,,,1480.0,,,,,,,,,1789.0,,,1243.0,,,,,,,,,,,,,,,,,,,,1108.0,,,,,,,,,,,,,,,,,,,1528.0,1349.0,,,,,,1483.0,1932.0,1517.0,1706.0,,,,,,,,,,,,,,,,,,,,,,,,,,,,,,,,,,
zone_44,,858.0,,,,,,383.0,,,1585.0,,,,,,,,,,,,,,,,,1095.0,,,,,,,,,,,,,,,,430.0,,,,,,,,,280.0,,1282.0,,,,,,,,,,,,,,,,,,1347.0,,,,530.0,2007.0,,,,,,,,,,,,,,,,,,,,,,,,,,,,,,,,
zone_77,,,1554.0,,,,,,,,,,,,,,,,,,,,,,,,,,,,,,870.0,,,,1808.0,,,,,,,,,,1614.0,,,,,,1567.0,,,399.0,,,,,,,,,,,1049.0,,,,,,,,1337.0,,,,1882.0,,,,,,,,,,,,,,,,,,,,,,,,,,,,,,,
zone_61,,,,,,968.0,,,,,,,940.0,,,,,,,,,1199.0,313.0,,,,,,,,,,,,,,,,,,,,,,,,,,,,,,,,,,,,,,,,,,,,,,,,,,,1252.0,,,,,,846.0,1086.0,538.0,900.0,997.0,,,,,,,,,,,,,,,,,,,,,,,,,,
zone_106,,,,,,,1284.0,1217.0,,,,,,,1103.0,,,,,,,,1663.0,,,1069.0,,,,,,,,,,,,,,,,,,,,,,,,,,,,,,,,,,,,,,,,,,,,,,,,,,,,,,,,,,,961.0,1062.0,,,,,,,,,,,,,,,,,,,,,,,,
zone_28,,,,,,,,,1379.0,,,,,,,,,,,,,947.0,,,1004.0,,,,,,904.0,,,,,,,,,,,1254.0,,,,,,,,773.0,,,,,,,,,,,,,735.0,,,,,,,,,,,,,,,,,,,,,,,,711.0,1089.0,887.0,,,,,,,,,,,,,,,,,,,,,
zone_80,,,,,,,,,,,,,,,,,,,,,,,,,1931.0,,,,,,,,,,,,,,,,,470.0,,,,,,2067.0,,,,,1747.0,,,,1127.0,,,,,1088.0,,,857.0,,,,,,,,,,,,,,,,,,,,,,,,,1458.0,,,,,,,,,,,,,,,,,,,,
zone_107,,,734.0,,,,,,,,,,,,1565.0,1740.0,,,,,,,,,,1160.0,,,,,,,,,,,,1220.0,,,,,,,,,,,,,,,,,,,,,,,,,,,,,,,,1252.0,,,,,,,,,,,,,,,1423.0,,,,,,706.0,2430.0,1895.0,1224.0,,,,,,,,,,,,,,,,
zone_27,,,,,,,,,,,,,,,,,,,1190.0,,,,,,,,,,,,,,,1831.0,,,533.0,915.0,,478.0,,,,,,,,,,,,,,,,,,,,,,,,,,,836.0,,,,,,,,,,,,,,,,,,,,,,,,625.0,,,,1479.0,,,,,,,,,,,,,,,
zone_49,,,,,,,,,,,,,,,,,,,,,,,,,,,1283.0,,959.0,,,,,,1602.0,,,,,,,,,,,,,,,,,,,,,,,,,,,,,1331.0,,,,1820.0,,,,1066.0,1145.0,1929.0,,,,,,,,,,,,1724.0,,,,,,,,,,935.0,570.0,1750.0,,,,,,,,,,,,
zone_96,,,,,,,,,,,,,,,,,,,,,,,,,,,,,,,,,,,1955.0,,,,,,,,,,,,,,,,,,1527.0,,,,,,,,,,,736.0,,,,,,,,,,,,,,,,,,,,,1163.0,,,,,,,,,,,,,,,,,,,,,,,,,
zone_95,,,,,,,,,,,,350.0,,1615.0,,,,,,,,,,,,,,,,,,,,,1919.0,,,1176.0,,,,,,,,,420.0,,,,838.0,,,,,1923.0,,,,,,,,,,,,,,,,,,,,,,,,,,,,,1061.0,,,,,,,,,315.0,,,,,1222.0,,,,,,,,,,,
zone_94,,,,1494.0,1365.0,,,,,,424.0,608.0,,,,,,,,,,,,,,,,,,,,,,,,,,,,,,,,,,,,1305.0,,,,,1603.0,,,,,,,,,,,,,,1106.0,,,,1805.0,,,,,,,,,,,,,,,,,,,,,,,,,,,,,1630.0,1281.0,,,,,,,,,
zone_7,,,,,,,,,,,,,376.0,,,,,,,,,,932.0,,,267.0,,1353.0,,,,,,,,,,,,,,,,,,,,,,,,,,,,1235.0,,,,,,1235.0,1248.0,,,,,,,,,,,,993.0,,,1250.0,,,,,,,,1203.0,,,,,,,,,715.0,,,,,659.0,,,,,,,,,,
zone_31,,,,,,,,,,,894.0,,827.0,,,,,,,647.0,,,,,,,,,,,,,,,,,,,,,,,,,,,,,,,,,,,2022.0,2055.0,,,,,,,,,,,,,,,,,1778.0,,,,931.0,,,,,,,,,,,,,,,,,,,,,,,,,1731.0,1445.0,503.0,,,,,,
zone_21,,,,,1410.0,,,,,,,918.0,,,,,,,,,,,,,,,,,,,,,,,,,,,,,,,,,,,,,,,,,,,,,,,,,,,,,,,,,,,,,,568.0,,,,,,,,,,,,,,,,,,,,,,,,,,,,,,,,,,,,
zone_15,1346.0,,,,,876.0,,,643.0,,,,,,,,,1563.0,,,,,,,,,,,,,,1400.0,,,,,,,,,,675.0,,,,,,,,,,,1178.0,542.0,,,,,,,,,,,,,,,,,,,,,,,,,,729.0,,,,,,,,,,,,,,,,,1225.0,,,166.0,,,,,555.0,,,,,
zone_102,,1179.0,,,,,,,,,,,,,,,,,,,,,,,,,,,,,,,,,,,,1349.0,,,,,,,,,,,,,,,,,,,,,,,,,,496.0,,708.0,,1470.0,,,,,,,,,,,,,,,,,,,,,,,,1871.0,,,,,,,,,,,,,,1816.0,1681.0,,,
zone_46,,,,,,,,,,1170.0,,,770.0,,,,,,,684.0,,,,1236.0,,,1364.0,,,,,,,,,,,,,,,,,,,,,,,,,,,,,,,,,1297.0,,,,,1505.0,,,,,,,,,,,,,,,,,,,,,,,,,,,,,,,1021.0,,,,,1663.0,,,,,,,,,
zone_78,,,,,,,,,,,,,,,,,,,,,,,,,,,,,,,,,,,,,,,,,,,,,,,,,1472.0,,,,,,,,,,,,,,,,,,,,,,,,,708.0,1156.0,,,,,,,,,,,,,,,,1470.0,,,,,,,,,,,,,,1327.0,,,,,
zone_101,,,,,,,,,,,,,,1749.0,,,,,,,,1321.0,,,,,,,,,,,,,,,459.0,,,,,,,,,,426.0,,,,,,,,2092.0,,,316.0,,,,,511.0,,1676.0,,,,,,,,,,,,,,,,,1779.0,,,,,1302.0,,,,,,,,,,,,,,,,,,,,1772.0,2023.0,,
zone_13,,,,,,,,,,,,,,,,,,,,,,,,,,,,,,,,,,,,,,,,,,,,,,,,,,,,,,,,752.0,,,,,,,,,,,,,,,,,,,,,,,,,,,,,,,,,,,,982.0,,,,,1230.0,,,,,,,,,,,,,
zone_108,,,791.0,,,,,,,,,,,,,,,,,,,,,,,,,,,1397.0,,,,,,,,,,,,,,,,,,538.0,,,,,983.0,,,2192.0,,,,,,,,,,1295.0,,,,,,,,1675.0,,,,,,,,,,,,,,,,,813.0,,,,,,,,,,,,,,,,,,,
zone_98,,,,,,,,,,,,,,,,,,,,,,,,,,,,,,,,,2001.0,,1862.0,,,,,,,,,,904.0,,,,,,,,,,,,,,,,,,,,,,,,,,1570.0,,,,,,,,,,,,,,,,,,,,,,,,1683.0,940.0,,,,,,,,,,,,,495.0,
zone_11,,,,,,,,,,,,,,658.0,,,,,,,,,,,,,,,,,598.0,,1086.0,,,1186.0,,,,,,,,,,,,,,,,,,,,,,,,,,,,,762.0,,,,,,,,,,,,,,,,,,,,,,,,,,,,,,,,,,,,,,869.0,1469.0,,,,,,
zone_90,,,,,,,,,,,,,,,,,141.0,,954.0,,,,1554.0,,,,,,,,1070.0,,,,,,,1262.0,,,,,,,,,,,,,,,,1758.0,,,,,,,,,,,,,,,,,,,,,,,,,,,,,,,,,,,,,,,,,,,,,,,,,,,,,,1646.0,,
zone_53,,,,,,410.0,,,,,,,,,,,,,,,,,,,,,,,,,,,,571.0,,,,526.0,,,,,,,,,,,,,,,,431.0,,,,,1267.0,,,1630.0,,,,,,,,,,,,,,1314.0,,,,,,,,1457.0,,,,,,,,,,,,,,,,,,,,,,,,781.0,,
zone_12,,,,,,,,,,,,,,,,,,,,,,,,,,,,,,,,,,,,,,,,,,,785.0,,1183.0,,,,,,,,,,,,,,,,,,,,,,686.0,,,,,295.0,,,,,,,,,,,,,,,,,,,,,,,,,,,,,,,574.0,,,,,,,
zone_58,,,,,,,,,,,,,,,,1861.0,,,,755.0,,,,,,,,,,,,,,,,,,,,,501.0,,,,,,,,,,,1108.0,,,942.0,,1529.0,1553.0,,,,,1686.0,,,,,,,,,,,,1426.0,,,1688.0,,,,1272.0,,,,,,,,,,,,,,,,,,,,,,,378.0,,,,,1258.0
zone_37,,,,,,,975.0,,,,,,,,,,,,,,,,,,,,,,,,,,,,,,,,,,,,,,,,,,,,,1013.0,,,,,,,,,,,,,,,,,,,,,,,,,,,382.0,,,1771.0,,,,,,,,,,,,,,,,,,,,,,,,,,,,
zone_8,,,,,,,,,750.0,,,,497.0,,,,,,,,,,,,,,,,,,,,,,,,1150.0,,,,,,,,,,,,,,,,,,,,,,,,,,,,,,,,1391.0,,,,,,,,,,,,719.0,,,,,,,389.0,,,,,1237.0,,,,,,,,,,,,,,,,,
zone_30,,,278.0,,,,,,,,,,,,,,,,,,,,1563.0,,,,,,,,,,,,1719.0,,,,,,,,,,,,,,,,552.0,,,,,,,392.0,,,,,,,,,,,1250.0,,,,,,,,,,,,,,,,,,,,,1320.0,,,,,,,,,,,,,1334.0,,,,,,262.0,
zone_81,,,1331.0,,,,,,,,,,,,,,,,,,,,,,,,,,,,,,,1624.0,,,,,,,,,,,,,,,,,,,,,,,348.0,,,,,,,,,,,,,,,,,,,,,,,,,,,,,283.0,,,728.0,,1517.0,,,,,,,,,,896.0,,,,,,,,,
zone_47,,,,839.0,,,,,,1261.0,,,,,,,,,,,,,,,,,,,,,,,,,,,,,,,,,,253.0,1127.0,,,,,,,,,,,,,,,,,,,1234.0,,,,,,,,,,,,,284.0,1898.0,842.0,,,1606.0,,,,,,,,,,,,,,,,,,,,1145.0,,,,,,,,
zone_2,,863.0,,,,1118.0,,,,,,,,,,,,,,,,,,,,732.0,,,,,,,,,,,,,,,,,,,,,,,,,,,,,,,,,,,,,,,,,,919.0,,,,,,,,,,,1231.0,,,,,,,,,,,,,,,,,,,,,,,,,,,,,,,
zone_34,,,,,,,,,,,,,,,,,,,,,890.0,,1594.0,,,,,,,989.0,,,,,,,,,,,,,,,,,,,,,,,,,,,,,,1692.0,,,,,,,,,,,,,,,,,,,,,,,,,,,,,,,,,,,,,,1834.0,,1311.0,,,1128.0,,,,,,,
zone_0,,,,,,,,,,,,,,,,,,,,,,,,,,,,,,,,,,,,,,,,,,,,,,,,,,,,,,,,,,,,,,,,,,,,,,,604.0,,,,,,,,,,,,,,,,,,,,,,,1216.0,,447.0,,,,,,,,,,,,1041.0,,
zone_73,,,,,,,,,1163.0,,1188.0,,,,,,,,,,1477.0,,,,,,,,,,,,,,,,,,850.0,,,,,,,,,,,,,,,,,880.0,,,,,,834.0,,,,,,,,,903.0,,,,,,,,,796.0,,,,,,,459.0,,,,,,,,,,1648.0,,,,,,,,,,,,,
zone_70,,,,,1327.0,,,,997.0,,,,,,,,,,,,,,,,,,,,,,,,1199.0,,,,1450.0,,,1244.0,,,,,,,,,,,,,,,889.0,,,,,,,,,,,,,,,,,,,,936.0,,,,,,,,,,,,,,,819.0,1064.0,,,,,880.0,,,,,,,,,,,,,,
zone_38,,,,,,1060.0,1182.0,,,,,,,1869.0,,,,,,,,,,,,,,,1396.0,,,909.0,,,,,,,,672.0,,,,,,,,329.0,,,,,,,,,,,,,,,,,,,,,,,,,,,1697.0,,,,,,1091.0,,2234.0,,,,,,,,,,,,,,,,,,,,1265.0,620.0,,,,,,
zone_75,1847.0,,,,,,,,,,,,,890.0,,,,,,,,,,,,,,,,,,,814.0,,,,,,,,,,,,,,,,,1259.0,,,,,,,,,,586.0,,,,,,,,,,,,,,,,,,,,,,,,,,1198.0,,,,,,,,1475.0,,,1348.0,,,,,,,1576.0,,,,,,
zone_25,,,,,,,,,,,,,958.0,,961.0,,,,,,,,,,,1141.0,,,,,1241.0,,,,,,,,,,,,,,,1230.0,,,,585.0,,,,,1899.0,,,,,,,,,,,282.0,,,,,,,1648.0,,351.0,,,,,,,,,,,,,,,1492.0,,,1076.0,,,,,,,1229.0,,,1662.0,1010.0,,,,,,
zone_93,,,,,,,,,,,,,,,,,,,,,,,,,,,,,,,1204.0,,,,,,941.0,,1562.0,,,,,,,,,,,,,,,,,,,,,,,,,,,,,,,,,,,,,,,,,,,,,,,,,,568.0,,,,,,,,,,,,,,,,,,,,,
zone_83,,,,,,,,,,,,,,,,,,,,,,,,,,,,,,,443.0,1485.0,,,,,,954.0,,,,,,,,,,,,,,,1415.0,,,,,,,,,,,,345.0,,,,,,,,,,,,,,,,,,,,,,,,,,,,,,,,,,,,,,1379.0,,,,,,,
zone_86,,,,,,,,,,,1029.0,,,,,466.0,,,,,,,,,,1144.0,,,,849.0,,,,,1093.0,,,,,,,,,,,1221.0,,,,,,,,,1333.0,,,,,,,,,,,,,,,,,,,,,,,,,,,,,,,,,,,,,,344.0,,,,,,,,456.0,,,,,,,,,
zone_85,,,,,,,,,,,,,,,,,,,,,,1639.0,,,,,,,,,,,,,,,,1103.0,,,,,,,,,1365.0,,,,,,1564.0,,,,,,,,,,,,,,,,,,,,,,,,,,,,,,,,,,,,,,,,,,,,,,1036.0,,,,,,1319.0,,,,,
zone_87,,,1240.0,,,,,,,,884.0,,,,,,,,,,,,1162.0,,,,,,,,,,,,,,,,,,,,,,,,,,,,,,,,,1297.0,,,,,,,1077.0,,,,,,,,,,,,,,,,,,,,,,,,,,,,,,,,,,,,,,,,,,,,,,,
zone_84,,,,,1532.0,,,,,,,,,,,,,1083.0,,,,,,,,,,,,,,,,,,,,,,,,,,,,,,,1640.0,,,,,,,,,,,,,,,,,,,,,,,,,,,,,,,,,,,,,,,,,,,,,,,,2003.0,,,,,1054.0,,,,,,,1215.0,
zone_82,,,,,,,,,,,,,,,,,,,,,,,,996.0,,,,,,,,,,,,,,,,,,,,,,1172.0,,1636.0,,,,,,,,,,1307.0,,,,,,,,,,,,,,,,,,,,,1608.0,,,,,,,,,,1021.0,,,,,,,,,,,,591.0,,,,,,,,,
zone_71,,,,,,,,1615.0,1092.0,,1510.0,,,,,,,,882.0,,,,,,,,,,,,,,,,,,,,,,,,,,,,,,,,,,,,,,,,,,,1024.0,1474.0,,,,,,928.0,,,,,,,,,,1915.0,,,,,,,,1069.0,1333.0,,,,,,,,,,,,,,,,,,,,,1760.0,
zone_89,,,,,,1618.0,,,,,,,,,,,,,,,,,,,,,,,,,,,,,,,,,,,,,,,,,,,,,,,,,,,,,,,,,648.0,,,,,,,,,,,,,,,,,,,,,1104.0,,,,,693.0,,,,,,,,,1365.0,,,,,,,,,,,,
zone_91,,,,,,,,,,,,,,,,,,,,,,,,,,,,820.0,,,,,,,,,,1155.0,,,,,,1804.0,1276.0,,,,,,,,,,,,,,,1254.0,,,,,819.0,,,,,,,920.0,1246.0,,,,,,,,,,,1108.0,,,,,,,,,,,,,,,,827.0,,,,,,,,,1093.0,
zone_48,,,,,,,,,,,,,,,,,,1506.0,,,,,,,,,,,,,,,,,,,,,,,,,,482.0,,,,,,,,,,,994.0,,,,,,,,,,1274.0,,,,,,,,,,,,,,1004.0,1001.0,,,,,,,,,,388.0,,,,,,,,,618.0,,,,,,,,,,,
zone_72,,,,,,,,,,,,,,,,,,,,,,,,,,,,,,,,,,1067.0,,,,,,,,,,,,,,,,,,,,,951.0,,,,,,,752.0,,,,,,,,,,,,,,,,,1643.0,,,,,,,,,,,,,,,,,,,,,,,,,,,,,,,
zone_19,,,898.0,,,,,,,,,,,,,,,,,,,,,,,,,,,,,,,,,,,,,,,747.0,,,,,,,,,,,,,,,,,,,523.0,,,,,,,,,,,,,,,,,,,,,,,,,,,,,,,,,,,,,,570.0,,,,,,,,616.0,,,
zone_79,,,,,,,1733.0,,,,,,,,,,,,,,,,,,,,,,,,,,,,,,,,,,,,,,,,1584.0,,,,,,,,,,,,,,,,,,668.0,,,,,,,,,,,,,,,,,,,,,,,,,,,226.0,,,,,,,,,,,,,,,,,,1426.0
zone_64,,,,,,,,,,,,,786.0,,,1445.0,,1625.0,,,988.0,,,,,,1172.0,,,,,,,,,,,,,,,,,,,,,,,,,,,,,,,1586.0,,,,,,,,,,,,,,,,,,,,,1425.0,,,857.0,,1250.0,,,,,,,,,,,,,,,,,959.0,,,,,231.0,,,1456.0,1230.0
zone_54,,,,,,,,,,,,,,,,,1643.0,,,,,,,,,,,,,,,,,,,,,,,,,,,,1465.0,,,,,,,,,,,,,,,,,,,,,,1135.0,,,,,,,,,,,,,,,,,1328.0,,,,,,,,1017.0,,,,,,,,,,,,,,470.0,,,1649.0,
zone_56,,,,,,,403.0,,,,,,,,,,,,,,,,,,,,,,,,856.0,,,,,,,570.0,,,,,,,,,,1194.0,,,,,,,,,,,,,,,,,,,1087.0,,,,,,,,,,,,,,,,,,975.0,,,,1839.0,,,,,,,,,,,,,,,1658.0,,,,,,
zone_32,,,,,,,,,,,917.0,844.0,,,,,,,1411.0,,,,,,,,,,,,,,,,2029.0,,,,,,,,,,,,,,,,,,,,,,,,,,,1461.0,,,1708.0,,,,,,,,,,1219.0,,,,,,,,,,,,,,,,,,,,,,,,,,,,,,,,,,,
zone_36,,,,,,,,,,,,,,,1507.0,,,,,,,,,,,,,,,,,,,,,,,,,,,,,,,,,,,,,,635.0,,,,,,,1898.0,,,,,,,,,,,,,,,,,,1617.0,,1212.0,,,2035.0,,,,,,,,,,,,,,,,,,,,,,,,,,,
zone_6,,,,,,679.0,,,,,,,,,,,,,846.0,,,,,,,,,,,,,,,,,,,,,,,,828.0,,,,,,,,918.0,,,,,,,,,1202.0,,,,,,,,,,,806.0,,,,,,,,,,,1181.0,,,,,,,,,,,,,919.0,302.0,,,,821.0,,,,,,850.0,,,,
zone_5,654.0,,,,,,,,,,,,,,,,,,,,,,,,,,,,,,,,,,,,,,,,,,,,,,,817.0,,,,,,,,,,,,,,,,,,,,,,,,,1009.0,,,,,1218.0,,,,,,,,,,,,,,,,,,,,,,,,941.0,,,,,,,,788.0
zone_16,,,,,,,,,,,,,,,,,,1480.0,,,,,,,,,,1400.0,,,,,,918.0,,,1456.0,,,,,611.0,,,,,,,,,,,,838.0,,,,,,,,,,,,,,,,1348.0,,,,,,,,,,,,,,,,,,,,,,,,,,,,,,301.0,,,,,,,,,,
zone_20,,,,,,,,,,,,,,,,,,,,,,,,615.0,,,904.0,,352.0,,,,,,,,,,,,,,,,,,,,,,,,,,,,,,,,,,,,,,,,,,,,,,,,,,,,,,,,,,414.0,,,,,,,,,,,,,280.0,,,,,,,,,,
zone_18,,,,1100.0,1159.0,,,,,,,,,,,,944.0,,,,,,,,,,,,,,,,,,,,,,,,,,,,,,,,,,,,,,863.0,,,,,,766.0,,1279.0,,,1042.0,,,,,,,,,,,,,,,,,,,,,,,,,,,,,,,,,,,,,,,,,,,,825.0
zone_45,,,,,609.0,,,,,,,1514.0,,,,,,,,,,,,,,660.0,,1204.0,,,,,918.0,,1367.0,,,,,,,,,,,,,,,,,,398.0,1048.0,,,,,,1438.0,,1933.0,,,,,,,,,,,,,,,,,,,,,,,,,,,,,,,,,989.0,,,,,1189.0,,,,,,,,,,
zone_67,,,,,,990.0,1020.0,,,,,,,,,,,,,,,,,,,,,,,,,,,,,,,,871.0,,,960.0,,,,,,,,,,,1165.0,413.0,,,,,,,,,,,,1816.0,,,,,,,,,,,,,,,,,1038.0,,,,1470.0,,,,,,,,,,,,,,,,,,,745.0,,,,
zone_109,,722.0,686.0,,,,,,,,,,,,,,,,,,,,,,,,,,,,,,,,,,,,,,,,,,,,,,,,,,,,,,,,,,,,,,,,,,,,,,,,,,1251.0,,,1180.0,,1917.0,,,,,,,,,,,,,,,,,,,,,,,,,1982.0,2161.0,,
zone_99,,,,,,,1784.0,,,,,,,,,,,,1570.0,,,,,,,,,,,,,,,,,,,,,,2178.0,,,,,,,,,,,,,,2390.0,,,421.0,,,,,,,,,,,,,,,,,,,,,,,,1914.0,,,,,,,,,1093.0,,,,,,,,,,,,,,,,,,,
zone_100,,,,,,,,,,,,,,,,,,,,,,,2139.0,1968.0,,,572.0,,,,,,,,,,,,,,,,,,,,,,,,,,,,,,,,,,,,,646.0,,,,,,,,1677.0,,,,,,1024.0,,,,,,,,,,,,,,,,,,,,,,,,,,,,1871.0,,,,
zone_17,,,959.0,,,,845.0,,,,,,,,,,,,,,1116.0,,,,,,,,348.0,,,,966.0,,,,,,,,,,,,,,,,,,1445.0,,,,,,,,,,,,,,,,,,,,,,,,,,,,,,,,,1092.0,,,,,,,,1131.0,,,,,,,,,,,,,,,,,,
zone_3,,,,,,,,,,,,,,,,,,,,,,,,,,,,,,,,,,,,,,,,,,,,,,,,,,,,,,,,,,,,,866.0,,,,1050.0,,,,,,,,,,,,,894.0,,,,,,1339.0,,,,,,,,,,,,,,,,,,,1276.0,,,,,1325.0,,
zone_51,,,,,,,,,,,,,,,,,,,,,,,,,,,,,1136.0,,,,,,,,,,,,,,,,,,,989.0,,1930.0,,,,,,,1871.0,,,,1801.0,1832.0,,,,1784.0,,,1770.0,,,,,,,,,,,,,,,,,,,,,,,,,,,,,,,1091.0,,,,,,,,,,
zone_35,,,,,,,,981.0,,,,,,,,,,,,,,,,1515.0,,,,,,792.0,,,,,,,,,,,,,,,,,,,525.0,,,510.0,,,,,,,,,,,,,,,,,,,,,,,,,,,,,,,,,,,,,,,,,,877.0,,,,,,,,,,,,,,,,711.0
zone_10,,,,,,,,,,,,,,,,,,,,,,,552.0,,,,,,,,,,,,,,,,,1026.0,,,,,1269.0,,,,,,,,,494.0,,,,,,,,,,,,,,,,1375.0,,,,,,,,,,,,,,1335.0,,,,,,,,,,,,,,,,,,,,,,,,656.0,,
zone_9,,,637.0,,,,,,,,,1126.0,,,,,,,,468.0,,474.0,,,,,,,,,,,,,,,,,,,,,,,,,,697.0,,,,,,,,,,,,,1422.0,,1437.0,,,,,,,,,,,1618.0,,,,,,,,,,,,1413.0,,,,,,1707.0,1288.0,,,,,,,,,1042.0,,,,,,1388.0,,
zone_43,,,,,,,,,,1078.0,,,,,,,,,,,,,,,,,,,,,,,,,,,,,,753.0,,,,,,,,,,,,,,845.0,,,1564.0,,,,,,,,,,,,,,,,,,,,,,,,,,,,,,,,1342.0,,,,,,,,,,,,,,,,,,,1153.0,,
zone_14,,,,,,,,,,347.0,,,,,,,,,,,,,,,,,,,,,,,,,,,,,,,573.0,,982.0,,,,,,,,,,,,,,,,,,,,,,,,,,,,,371.0,,,,,,,,,,,,,778.0,,,,,,,,,,,952.0,,,,,,200.0,,1799.0,,,,,,
zone_66,,,,,,,,,,,,,,,,,,,,,,,,,1845.0,,,,,,,1738.0,,,564.0,,,,,,,,,,1927.0,,,,1491.0,,,,,,,,,,,,,,,,,,,,,,,802.0,,1378.0,,,,,,,,,,,,,,,,843.0,,,,,,,,,,588.0,,,,1800.0,,609.0,,,,
zone_59,,,,,,,,,,,,,,,,,,,,,,,,,,,,,,,,,,,,,,,,,,,,,,871.0,,,,,,,,,,,,,,,,,,,,,,,,,,,,,,,,,,,,1227.0,,,,,,,,,,,,1948.0,,1179.0,,,,,,,,,431.0,,,,,
zone_1,,,,,,,,,1085.0,,792.0,,,,,,,,,,,,,,,,,1171.0,,,,803.0,,,,,,,,,,,1113.0,,,,,,,,,,,,,,850.0,,,,,,,,,,,,,,,,,,,,,,,,,,,,,971.0,,,,,,,963.0,,,,,,,,,,,,,,,,,612.0
zone_26,,,,,,,,,,,,,,,,,,,,,,,,,,,,576.0,,,,,,,,,,,,,,,,,,,,1027.0,,760.0,,,,,,,958.0,,,,,,,,,,,,,,,,,,,,,,1138.0,,634.0,,,1558.0,,,,,,,,,,,,652.0,,,,,,1228.0,,,,,,,,
zone_97,,,,,,,,,,,,,1200.0,,,,,,,,,,,,,,,,,,,,2197.0,,,,,,,,,,,,,,,,,,,902.0,,,,,,,,,,,,,,,,,,,,,,,1018.0,,,1204.0,,,,,,,,,,,,,,,,,,,,,,,,,,,,,,,,
zone_104,,837.0,,,,,,,,,,,,,,1348.0,,,,,,,,,597.0,,,287.0,,,,,,,,,,,,,,,,,,,,,,1399.0,,,,,,,,,,,,,,,1947.0,,1280.0,,1750.0,,,,,,,,,,,,,,,,,,,1657.0,,,870.0,,,,,,,,,,,,,,1823.0,,,,,1041.0
zone_4,,,,,,,,,,,,,,,,,,,,,,,,,,,,,,,,,,1539.0,,,,,,,,,,,766.0,,,,,,,,,,,,,695.0,723.0,,,,,,1277.0,,,,,,,,,,,,,,,,,,1394.0,,,,,,,,,,,,,,,,,,,,,,,,,,,
zone_29,,,,,,,,,,,,,,1480.0,,,,,,,,,,,754.0,,,,,,,,,,,,,,,,,,,,,1054.0,,,,,717.0,,,,,,,,,,,,,,,,,,,,,,,,,,,,,,,,,,,,,,,,,,1398.0,,,,,,,,,,,,,,,,,
zone_24,,,,,,,,,,,,,,,,,487.0,,,,,,,,,,,,,,,,,,,,,,,,,,,,,,,,,,,,,,1353.0,,,,,,,,,,,,,,,,,,,668.0,,,,,,,,,,1115.0,,,,,,,,,,,,,,,,,,,,,,,,,,
zone_23,,,,,,,,,,,,,,,,,,,,,,,,,1512.0,,,,,,,,,,,,,,,1117.0,,,,,,,,,,,,,1396.0,,,,,,,,,,,,,,,,,,,,1320.0,,,,,,,,950.0,,,,,,,,,,,,,,,,,,,,,,,,1461.0,,,,,
zone_22,900.0,,,,,,,,,,496.0,,,,,,,,,,,,,,,,,,,,,,,,,,,,,,,,,,,,,1342.0,,,1258.0,,,,,,,,,,,579.0,,,,,,,,,,,,,,,,,,,,,,,,,,1372.0,,,,,880.0,,,,,,,,,,,,,,,,862.0,
zone_92,1233.0,,,,,,,,,,,862.0,1390.0,,,,,,,,,,,,,,,972.0,,,,,,1829.0,,634.0,,,,,,,,,,,,,,,,,,,,,,,,,,,966.0,,,,,,,,,,,,,,,,,,,,,,,,,,,,,1592.0,,,,,,,,,,,,,,,,,,
zone_88,,,,,,,,,,,420.0,,,,,,,,,,,,,,1286.0,,,732.0,,,,,,1955.0,,,,,,,,,,,,1486.0,,,,,,,,,,,,,,,,,,,,,,,,,,,,,,,,,1334.0,,,,,1302.0,,,,1726.0,,,,,,,,,,,,,1201.0,,,,,,,,,
zone_69,,,,1619.0,,,,,,,,,1212.0,,,1188.0,,,,,1266.0,,,,,,,1507.0,,,,,,,,,,1135.0,,,,,,,1793.0,1367.0,,,,,,,,,,,,,,,,,,,,,,,,,,,,,,,,,,,,,,,,,,,,,,,,,,,,,,,831.0,,,,,,,,,
zone_105,512.0,,,,966.0,,1532.0,,,,,,,,,,,,,,,,,,,1444.0,,,,,,,2118.0,,,,,,,,,,,,,,607.0,863.0,,1356.0,,,,,,,,,708.0,,,,,,,,,,,,,,,1466.0,,,,,,1183.0,,1920.0,,,1336.0,,,,,,,,,,,,,,,,,,1789.0,394.0,,,,,,
zone_76,,,,,,,,,,,,,,,,,,,,,,,,,,,,,605.0,,,,,,,,,,,1416.0,,,,,,,,,,,,,1338.0,,,,,,,,,,,,,,,,,,,,,,,,,,,,,,,,,,,,,,,,,,,,,,,,,,,,,,,,,
